company_name,company_website,job_ location,company_tagline,company_twitter,company_logo,job_expires,job_description ,job_type,application
Google 1,google.com,Clare,Find it now,google@twitter,,12/12/2017,look up stuff,full time,aine.hehir@webelevate.ie
Google 2,google.com,Clare,Find it now,google@twitter,,13/12/2017,look up stuff,full time,aine.hehir@webelevate.ie
Google 3,google.com,Clare,Find it now,google@twitter,,14/12/2017,look up stuff,full time,aine.hehir@webelevate.ie
Google 4,google.com,Clare,Find it now,google@twitter,,15/12/2017,look up stuff,full time,aine.hehir@webelevate.ie
Google 5,google.com,Clare,Find it now,google@twitter,,16/12/2017,look up stuff,full time,aine.hehir@webelevate.ie
Google 6,google.com,Clare,Find it now,google@twitter,,17/12/2017,look up stuff,full time,aine.hehir@webelevate.ie
Google 7,google.com,Clare,Find it now,google@twitter,,18/12/2017,look up stuff,full time,aine.hehir@webelevate.ie
Google 8,google.com,Clare,Find it now,google@twitter,,19/12/2017,look up stuff,full time,aine.hehir@webelevate.ie
Google 9,google.com,Clare,Find it now,google@twitter,,20/12/2017,look up stuff,full time,aine.hehir@webelevate.ie
Google 10,google.com,Clare,Find it now,google@twitter,,21/12/2017,look up stuff,full time,aine.hehir@webelevate.ie
Google 11,google.com,Clare,Find it now,google@twitter,,22/12/2017,look up stuff,full time,aine.hehir@webelevate.ie
Google 12,google.com,Clare,Find it now,google@twitter,,23/12/2017,look up stuff,full time,aine.hehir@webelevate.ie
Google 13,google.com,Clare,Find it now,google@twitter,,24/12/2017,look up stuff,full time,aine.hehir@webelevate.ie
Google 14,google.com,Clare,Find it now,google@twitter,,25/12/2017,look up stuff,full time,aine.hehir@webelevate.ie
Google 15,google.com,Clare,Find it now,google@twitter,,26/12/2017,look up stuff,full time,aine.hehir@webelevate.ie
Google 16,google.com,Clare,Find it now,google@twitter,,27/12/2017,look up stuff,full time,aine.hehir@webelevate.ie
Google 17,google.com,Clare,Find it now,google@twitter,,28/12/2017,look up stuff,full time,aine.hehir@webelevate.ie
Google 18,google.com,Clare,Find it now,google@twitter,,29/12/2017,look up stuff,full time,aine.hehir@webelevate.ie
Google 19,google.com,Clare,Find it now,google@twitter,,30/12/2017,look up stuff,full time,aine.hehir@webelevate.ie
